index,N_field_windows,N_field_eval_intervals,ok,max_WR_iterations,mean_WR_iterations,total_xyce_solves,worst_WR_error,all_converged,solver_seconds,final_I_field,final_V_field,final_time_s,windows,error
0,200.0,1.0,True,24,4.83,966,0.0009731,True,65.2903,1.70035e-05,9.60784e-08,0.0016,200,
1,200.0,6.0,False,,,,,,50.3879,,,,,solver exited -6
2,200.0,10.0,False,,,,,,52.6545,,,,,solver exited -6
3,204.0,1.0,True,19,4.882352941176471,996,0.0009985,True,67.2414,1.83995e-05,2.23204e-08,0.0016,204,
4,204.0,6.0,True,32,5.740196078431373,1171,0.000993,True,79.5422,0.491102,-0.0206921,0.0016,204,
5,204.0,10.0,True,40,5.965686274509804,1217,0.0009925,True,82.998,0.934063,-0.082991,0.0016,204,
6,208.0,1.0,True,27,4.774038461538462,993,0.0009825,True,66.7991,2.04488e-05,-1.14015e-07,0.0016,208,
7,208.0,6.0,True,34,5.586538461538462,1162,0.0009955,True,78.7009,0.508836,-0.0221353,0.0016,208,
8,208.0,10.0,False,,,,,,51.65,,,,,solver exited -6
9,212.0,1.0,True,19,4.778301886792453,1013,0.0009872,True,67.7292,2.1693e-05,-2.14827e-07,0.0016,212,
10,212.0,6.0,True,34,5.622641509433962,1192,0.0009975,True,80.5983,0.526475,-0.0236093,0.0016,212,
11,212.0,10.0,False,,,,,,52.9372,,,,,solver exited -6
12,216.0,1.0,True,12,4.564814814814815,986,0.0009998,True,63.9439,1.96685e-05,-4.10139e-07,0.0016,216,
13,216.0,6.0,True,37,5.671296296296297,1225,0.0009902,True,81.0692,0.543492,-0.0251233,0.0016,216,
14,216.0,10.0,True,35,5.726851851851852,1237,0.0009775,True,80.3529,0.973096,-0.0932151,0.0016,216,
15,220.0,1.0,True,29,4.718181818181818,1038,0.000986,True,66.0407,1.74352e-05,-5.62727e-07,0.0016,220,
16,220.0,6.0,True,37,5.45,1199,0.0009951,True,77.1751,0.56036,-0.0266689,0.0016,220,
17,220.0,10.0,True,36,5.636363636363637,1240,0.0009926,True,80.5896,0.98508,-0.0966262,0.0016,220,
18,224.0,1.0,True,16,4.491071428571429,1006,0.0009765,True,63.008,1.19444e-05,-7.54342e-07,0.0016,224,
19,224.0,6.0,True,33,5.477678571428571,1227,0.0009826,True,79.2818,0.577161,-0.0282518,0.0016,224,
20,224.0,10.0,False,,,,,,50.79,,,,,solver exited -6
21,229.0,1.0,True,27,4.633187772925764,1061,0.0009775,True,67.0975,3.41376e-06,-1.00341e-06,0.0016,229,
22,229.0,6.0,True,29,5.4104803493449785,1239,0.0009963,True,80.7438,0.597071,-0.0302708,0.0016,229,
23,229.0,10.0,True,37,5.545851528384279,1270,0.0009971,True,81.863,1.00954,-0.104277,0.0016,229,
24,233.0,1.0,True,19,4.502145922746781,1049,0.0009891,True,66.4198,-6.49143e-06,-1.19518e-06,0.0016,233,
25,233.0,6.0,True,35,5.394849785407725,1257,0.0009968,True,80.3717,0.613177,-0.0319246,0.0016,233,
26,233.0,10.0,False,,,,,,52.0882,,,,,solver exited -6
27,237.0,1.0,True,16,4.459915611814346,1057,0.0009831,True,65.9941,-2.05521e-05,-1.38609e-06,0.0016,237,
28,237.0,6.0,True,32,5.30801687763713,1258,0.0009767,True,79.4651,0.628652,-0.0335999,0.0016,237,
29,237.0,10.0,True,32,5.421940928270042,1285,0.000999,True,82.3472,1.02981,-0.111071,0.0016,237,
30,241.0,1.0,True,22,4.448132780082988,1072,0.0009967,True,66.6421,-3.62477e-05,-1.51412e-06,0.0016,241,
31,241.0,6.0,True,35,5.33609958506224,1286,0.0009974,True,81.6275,0.644244,-0.0353115,0.0016,241,
32,241.0,10.0,True,37,5.431535269709544,1309,0.0009889,True,82.1273,1.03877,-0.114455,0.0016,241,
33,245.0,1.0,True,20,4.440816326530612,1088,0.000996,True,64.7986,-4.95658e-05,-1.62673e-06,0.0016,245,
34,245.0,6.0,True,25,5.155102040816327,1263,0.0009985,True,77.0989,0.659179,-0.0370423,0.0016,245,
35,245.0,10.0,True,38,5.355102040816327,1312,0.000996,True,80.111,1.04737,-0.11783,0.0016,245,
36,249.0,1.0,True,12,4.313253012048193,1074,0.0009841,True,63.8382,-7.08474e-05,-1.67462e-06,0.0016,249,
37,249.0,6.0,True,26,5.164658634538153,1286,0.0009968,True,77.968,0.673823,-0.0388021,0.0016,249,
38,249.0,10.0,True,39,5.3694779116465865,1337,0.0009766,True,82.8934,1.05581,-0.12119,0.0016,249,
39,253.0,1.0,True,24,4.403162055335969,1114,0.0009993,True,66.2022,-9.23354e-05,-1.71416e-06,0.0016,253,
40,253.0,6.0,True,30,5.189723320158103,1313,0.0009988,True,81.5452,0.688502,-0.0405807,0.0016,253,
41,253.0,10.0,False,,,,,,51.7409,,,,,solver exited -6
42,257.0,1.0,True,19,4.36964980544747,1123,0.0009936,True,67.451,-0.000112511,-1.67739e-06,0.0016,257,
43,257.0,6.0,True,27,5.175097276264592,1330,0.0009998,True,82.158,0.703123,-0.0423917,0.0016,257,
44,257.0,10.0,True,25,5.272373540856031,1355,0.0009912,True,85.6743,1.07281,-0.127901,0.0016,257,
45,261.0,1.0,True,19,4.333333333333333,1131,0.0009979,True,70.4127,-0.0001397,-1.6083e-06,0.0016,261,
46,261.0,6.0,True,33,5.130268199233717,1339,0.0009678,True,86.6147,0.716861,-0.04421,0.0016,261,
47,261.0,10.0,False,,,,,,55.17,,,,,solver exited -6
48,265.0,1.0,True,22,4.324528301886793,1146,0.0009986,True,73.9355,-0.000161576,-1.42102e-06,0.0016,265,
49,265.0,6.0,True,29,5.060377358490566,1341,0.0009957,True,87.0589,0.730351,-0.0460514,0.0016,265,
50,265.0,10.0,True,30,5.211320754716981,1381,0.0009849,True,90.1614,1.08601,-0.13451,0.0016,265,
51,269.0,1.0,True,19,4.289962825278811,1154,0.0009847,True,72.674,-0.000189181,-1.15967e-06,0.0016,269,
52,269.0,6.0,True,33,5.100371747211896,1372,0.0009997,True,88.3526,0.743775,-0.0479127,0.0016,269,
53,269.0,10.0,True,35,5.174721189591078,1392,0.0009989,True,89.375,1.09258,-0.137803,0.0016,269,
54,273.0,1.0,True,14,4.256410256410256,1162,0.0009991,True,73.4075,-0.000216551,-7.56632e-07,0.0016,273,
55,273.0,6.0,True,25,5.021978021978022,1371,0.0009954,True,88.6983,0.756897,-0.0497945,0.0016,273,
56,273.0,10.0,True,35,5.1501831501831505,1406,0.0009946,True,91.2283,1.09899,-0.141072,0.0016,273,
57,278.0,1.0,True,19,4.26978417266187,1187,0.0009931,True,75.0618,-0.00024705,-1.76721e-07,0.0016,278,
58,278.0,6.0,True,30,5.0,1390,0.0009981,True,89.0916,0.772779,-0.0521662,0.0016,278,
59,278.0,10.0,True,39,5.125899280575539,1425,0.0009954,True,91.4327,1.10586,-0.145143,0.0016,278,
60,282.0,1.0,True,12,4.173758865248227,1177,0.0009972,True,74.9499,-0.000268497,4.2462e-07,0.0016,282,
61,282.0,6.0,True,27,4.964539007092198,1400,0.0009941,True,90.5139,0.785215,-0.0540789,0.0016,282,
62,282.0,10.0,True,26,5.039007092198582,1421,0.0009944,True,92.0513,1.11187,-0.148376,0.0016,282,
63,286.0,1.0,True,18,4.213286713286713,1205,0.0009976,True,76.7837,-0.000291936,1.26099e-06,0.0016,286,
64,286.0,6.0,True,32,4.940559440559441,1413,0.0009992,True,93.3064,0.797229,-0.0560087,0.0016,286,
65,286.0,10.0,True,32,5.038461538461538,1441,0.0009802,True,95.1654,1.11662,-0.151583,0.0016,286,
66,290.0,1.0,True,18,4.196551724137931,1217,0.0009659,True,78.5379,-0.000311679,2.22407e-06,0.0016,290,
67,290.0,6.0,True,24,4.772413793103448,1384,0.0009989,True,89.7118,0.808777,-0.0579607,0.0016,290,
68,290.0,10.0,True,30,4.9862068965517246,1446,0.0009973,True,94.1288,1.12013,-0.154755,0.0016,290,
69,294.0,1.0,True,14,4.187074829931973,1231,0.0009928,True,78.2327,-0.000333668,3.08142e-06,0.0016,294,
70,294.0,6.0,True,30,4.727891156462585,1390,0.0009988,True,88.4788,0.820363,-0.059916,0.0016,294,
71,294.0,10.0,True,35,4.860544217687075,1429,0.0009981,True,91.7284,1.12504,-0.157981,0.0016,294,
72,298.0,1.0,True,16,4.194630872483222,1250,0.0009989,True,78.2002,-0.000347492,4.31944e-06,0.0016,298,
73,298.0,6.0,True,26,4.674496644295302,1393,0.0009993,True,89.1297,0.8314,-0.0618828,0.0016,298,
74,298.0,10.0,True,34,4.791946308724833,1428,0.0009973,True,92.5702,1.12871,-0.161153,0.0016,298,
75,302.0,1.0,True,17,4.132450331125828,1248,0.0009933,True,77.159,-0.000359779,5.57647e-06,0.0016,302,
76,302.0,6.0,True,25,4.599337748344371,1389,0.0009951,True,89.07,0.842707,-0.0638648,0.0016,302,
77,302.0,10.0,True,34,4.7218543046357615,1426,0.0009995,True,92.0555,1.13268,-0.164289,0.0016,302,
78,306.0,1.0,True,15,4.127450980392157,1263,0.0009865,True,80.4773,-0.000369089,6.97228e-06,0.0016,306,
79,306.0,6.0,True,29,4.591503267973856,1405,0.00099,True,90.9742,0.853372,-0.0658453,0.0016,306,
80,306.0,10.0,True,26,4.598039215686274,1407,0.000997,True,90.7625,1.13583,-0.167398,0.0016,306,
81,310.0,1.0,True,10,4.035483870967742,1251,0.0009955,True,80.4462,-0.000373321,8.64734e-06,0.0016,310,
82,310.0,6.0,True,25,4.596774193548387,1425,0.000994,True,95.6923,0.863768,-0.0678402,0.0016,310,
83,310.0,10.0,True,26,4.596774193548387,1425,0.0009984,True,96.048,1.13952,-0.17049,0.0016,310,
84,314.0,1.0,True,17,4.050955414012739,1272,0.000999,True,84.9547,-0.000367617,1.03003e-05,0.0016,314,
85,314.0,6.0,True,30,4.54140127388535,1426,0.0009968,True,95.895,0.873865,-0.0698378,0.0016,314,
86,314.0,10.0,True,30,4.589171974522293,1441,0.0009916,True,96.3724,1.14303,-0.173555,0.0016,314,
87,318.0,1.0,True,13,3.943396226415094,1254,0.0009904,True,81.1072,-0.000362199,1.21041e-05,0.0016,318,
88,318.0,6.0,True,24,4.4748427672955975,1423,0.0009794,True,93.2931,0.883696,-0.0718461,0.0016,318,
89,318.0,10.0,True,29,4.544025157232705,1445,0.0009935,True,93.5753,1.14648,-0.176606,0.0016,318,
90,322.0,1.0,True,14,3.9751552795031055,1280,0.0009932,True,81.6191,-0.000347447,1.41864e-05,0.0016,322,
91,322.0,6.0,True,28,4.524844720496894,1457,0.0009907,True,94.2032,0.893235,-0.07386,0.0016,322,
92,322.0,10.0,True,33,4.611801242236025,1485,0.000999,True,96.3444,1.15005,-0.179621,0.0016,322,
93,327.0,1.0,True,14,3.929663608562691,1285,0.0009917,True,79.0983,-0.000320492,1.6915e-05,0.0016,327,
94,327.0,6.0,True,25,4.443425076452599,1453,0.0009961,True,91.9076,0.905174,-0.0763917,0.0016,327,
95,327.0,10.0,True,30,4.513761467889908,1476,0.0009679,True,93.3526,1.15267,-0.183367,0.0016,327,
96,331.0,1.0,True,10,3.897280966767372,1290,0.0009836,True,79.7088,-0.000287264,1.93042e-05,0.0016,331,
97,331.0,6.0,True,28,4.422960725075528,1464,0.0009974,True,93.5036,0.914506,-0.0784184,0.0016,331,
98,331.0,10.0,True,28,4.483383685800605,1484,0.0009964,True,95.5267,1.15533,-0.186338,0.0016,331,
99,335.0,1.0,True,14,3.8895522388059702,1303,0.000993,True,82.6447,-0.000241155,2.17766e-05,0.0016,335,
100,335.0,6.0,True,23,4.4,1474,0.0009919,True,96.4825,0.923333,-0.0804498,0.0016,335,
101,335.0,10.0,True,26,4.447761194029851,1490,0.0009978,True,98.2617,1.1574,-0.189286,0.0016,335,
102,339.0,1.0,True,14,3.8997050147492627,1322,0.0009733,True,86.5514,-0.000184535,2.44329e-05,0.0016,339,
103,339.0,6.0,True,28,4.3952802359882,1490,0.000975,True,97.9496,0.931941,-0.0824846,0.0016,339,
104,339.0,10.0,True,31,4.427728613569322,1501,0.0009741,True,98.2096,1.15963,-0.192214,0.0016,339,
105,343.0,1.0,True,10,3.8425655976676385,1318,0.0009796,True,84.2793,-0.00011814,2.70435e-05,0.0016,343,
106,343.0,6.0,True,23,4.376093294460642,1501,0.0009898,True,97.8893,0.940314,-0.0845237,0.0016,343,
107,343.0,10.0,True,28,4.451895043731779,1527,0.000998,True,98.0252,1.16175,-0.195119,0.0016,343,
108,347.0,1.0,True,14,3.85014409221902,1336,0.0009906,True,82.5102,-4.38655e-05,3.01292e-05,0.0016,347,
109,347.0,6.0,True,25,4.371757925072046,1517,0.0009886,True,95.4408,0.948569,-0.0865647,0.0016,347,
110,347.0,10.0,True,32,4.409221902017291,1530,0.0009803,True,95.7663,1.16324,-0.197995,0.0016,347,
111,351.0,1.0,True,12,3.8205128205128207,1341,0.0009706,True,81.4242,4.86208e-05,3.27585e-05,0.0016,351,
112,351.0,6.0,True,25,4.330484330484331,1520,0.0009953,True,94.3575,0.956433,-0.0886054,0.0016,351,
113,351.0,10.0,True,24,4.3931623931623935,1542,0.0009924,True,96.5567,1.1652,-0.200856,0.0016,351,
114,355.0,1.0,True,13,3.8647887323943664,1372,0.0009896,True,84.6592,0.000153857,3.63622e-05,0.0016,355,
115,355.0,6.0,True,23,4.329577464788732,1537,0.0009929,True,95.6871,0.964143,-0.0906508,0.0016,355,
116,355.0,10.0,True,28,4.391549295774648,1559,0.0009963,True,97.4469,1.16637,-0.203684,0.0016,355,
117,359.0,1.0,True,12,3.8272980501392757,1374,0.000994,True,84.497,0.000256567,3.93534e-05,0.0016,359,
118,359.0,6.0,True,27,4.303621169916434,1545,0.0009986,True,97.767,0.971495,-0.0926928,0.0016,359,
119,359.0,10.0,True,26,4.337047353760446,1557,0.0009987,True,99.3942,1.16799,-0.206503,0.0016,359,
120,363.0,1.0,True,13,3.8181818181818183,1386,0.0009772,True,86.8777,0.000391525,4.27435e-05,0.0016,363,
121,363.0,6.0,True,22,4.25068870523416,1543,0.0009854,True,98.5526,0.978924,-0.0947395,0.0016,363,
122,363.0,10.0,True,25,4.330578512396694,1572,0.0009818,True,101.0529,1.16896,-0.209289,0.0016,363,
123,367.0,1.0,True,11,3.7983651226158037,1394,0.0009974,True,87.9484,0.000543664,4.63587e-05,0.0016,367,
124,367.0,6.0,True,27,4.277929155313352,1570,0.0009954,True,100.6768,0.985915,-0.096783,0.0016,367,
125,367.0,10.0,True,29,4.3188010899182565,1585,0.0009612,True,102.7278,1.16974,-0.212049,0.0016,367,
126,371.0,1.0,True,10,3.7816711590296497,1403,0.000986,True,89.857,0.000699506,4.9682e-05,0.0016,371,
127,371.0,6.0,True,22,4.250673854447439,1577,0.0009985,True,103.5109,0.993018,-0.0988312,0.0016,371,
128,371.0,10.0,True,26,4.2991913746630726,1595,0.0009993,True,105.18,1.17052,-0.214791,0.0016,371,
129,376.0,1.0,True,10,3.7606382978723403,1414,0.0009891,True,90.2749,0.00091153,5.38195e-05,0.0016,376,
130,376.0,6.0,True,25,4.23936170212766,1594,0.0009985,True,101.7465,1.00132,-0.101387,0.0016,376,
131,376.0,10.0,True,23,4.273936170212766,1607,0.0009989,True,102.4805,1.1709,-0.218184,0.0016,376,
132,380.0,1.0,True,11,3.8026315789473686,1445,0.0009832,True,89.4037,0.00111596,5.78602e-05,0.0016,380,
133,380.0,6.0,True,21,4.221052631578948,1604,0.0009923,True,101.2728,1.00784,-0.103428,0.0016,380,
134,380.0,10.0,True,24,4.234210526315789,1609,0.0009941,True,100.8221,1.17138,-0.220877,0.0016,380,
135,384.0,1.0,True,12,3.6927083333333335,1418,0.0009393,True,86.0491,0.00133085,6.12267e-05,0.0016,384,
136,384.0,6.0,True,25,4.2265625,1623,0.0009936,True,102.3452,1.01376,-0.105466,0.0016,384,
137,384.0,10.0,True,27,4.2578125,1635,0.0009948,True,103.4709,1.17204,-0.223546,0.0016,384,
138,388.0,1.0,True,11,3.7783505154639174,1466,0.0009466,True,90.5811,0.00156855,6.52838e-05,0.0016,388,
139,388.0,6.0,True,22,4.195876288659794,1628,0.0009991,True,104.0363,1.02016,-0.107518,0.0016,388,
140,388.0,10.0,True,25,4.252577319587629,1650,0.0009845,True,105.1449,1.17351,-0.226226,0.0016,388,
141,392.0,1.0,True,9,3.7729591836734695,1479,0.000981,True,93.589,0.0018202,6.91766e-05,0.0016,392,
142,392.0,6.0,True,24,4.170918367346939,1635,0.0009819,True,102.7799,1.02594,-0.109549,0.0016,392,
143,392.0,10.0,True,29,4.229591836734694,1658,0.0009939,True,103.9526,1.17328,-0.228837,0.0016,392,
144,396.0,1.0,True,11,3.75,1485,0.0009659,True,88.9762,0.00209861,7.266e-05,0.0016,396,
145,396.0,6.0,True,21,4.154040404040404,1645,0.0009999,True,94.4635,1.031,-0.111581,0.0016,396,
146,396.0,10.0,True,23,4.204545454545454,1665,0.0009938,True,94.1952,1.17293,-0.231432,0.0016,396,
147,400.0,1.0,True,11,3.78,1512,0.0009739,True,75.9795,0.0023953,7.67663e-05,0.0016,400,
148,400.0,6.0,True,21,4.1425,1657,0.0009963,True,81.3257,1.0367,-0.113619,0.0016,400,
149,400.0,10.0,True,28,4.2025,1681,0.0009923,True,81.7106,1.17301,-0.234008,0.0016,400,
