N,pwl_pts,raw_xyce_med,it_mean_terminal_match,it_mean_L1_match,it_mean_terminal_mis,it_mean_L1_mis,ok_terminal_mis,ok_L1_mis,wall_terminal_mis_s
1,2,14.0,4.85,4.12,4.26,3.7,0,1,12.6
2,3,22.0,15.32,7.39,14.33,7.37,1,1,55.2
4,5,31.0,10.77,6.46,10.65,6.4,0,0,5.3
8,9,56.0,11.84,6.07,11.2,6.21,1,1,43.9
16,17,98.0,10.86,6.09,10.9,6.21,1,1,43.6
32,33,184.0,10.79,6.07,10.74,6.26,1,0,47.3
64,65,347.0,10.74,6.0,10.69,6.17,1,1,50.7
128,129,633.0,10.73,6.0,10.67,6.31,1,0,61.5
200,201,909.0,10.73,6.07,10.68,6.31,1,0,70.1
